et,sk,position,score,rel_score,ratio_score,index,freqs,correctness,note
laupäev,nedeľu,0,0.6215312205287375,0.0,1.0,34506,339416.0,yes,not_basic_form
enese,sebectva,0,0.54561274354578,0.0,1.0,4048,0.0,no,meaning
õde,sestra,0,0.7089985283862775,0.0,1.0,1463,229863.0,yes,1
hommik,večerů,0,0.657373673258238,0.0,1.0,20865,659630.0,no,antonymum
lugu,„príbeh,0,0.6076285658335544,0.0,1.0,902,1104562.0,yes,1
selge,jasné,0,0.6358630239854335,0.0,1.0,1830,764054.0,yes,1
prillid,nožničky,0,0.5723089503761172,0.0,1.0,27376,0.0,no,meaning
sõbralik,arogantný,0,0.6173796184327032,0.0,1.0,27328,132673.0,no,meaning
kiire,rýchly,0,0.6821988547955747,0.0,1.0,1916,532068.0,yes,1
prillid,okuliare,0,0.6685983243789524,0.0,1.0,27376,0.0,yes,1
olemasolu,existenciu,0,0.7543412246998453,0.0,1.0,1319,195567.0,yes,not_basic_form
miski,súcno,0,0.5873743807257397,0.0,1.0,3749,3791215.0,no,meaning
sisemine,vnútorný,0,0.6227992569433409,0.0,1.0,7545,148597.0,yes,1
hetk,okamih,0,0.6230817239173854,0.0,1.0,14109,1585458.0,yes,1
lõplik,definitívna,0,0.5604018904510936,0.0,1.0,5056,122888.0,yes,not_basic_form
õpingud,štúdiá,0,0.6850052472921,0.0,1.0,6881,3.0,yes,1
raadio,vysielanom,0,0.6169008866011388,0.0,1.0,1163,148117.0,no,meaning
madalale,nízkou,0,0.7306528587129972,0.0,1.0,24269,26.0,yes,not_basic_form
õde,sestra,0,0.7385283197437551,0.0,1.0,1463,229863.0,yes,1
ripsmed,žiabrové,0,0.7643951585832188,0.0,1.0,68151,0.0,no,meaning
laupäev,nedeľu,0,0.6290362354273742,0.0,1.0,34506,339416.0,yes,not_basic_form
ahi,slamet,0,0.424409308088805,0.0,1.0,24131,169140.0,no,meaning
ettevõtlus,podnikateľský,0,0.6812054370432827,0.0,1.0,31008,139413.0,no,pos_tag
kiire,rýchly,0,0.6489694275121088,0.0,1.0,1916,532068.0,yes,1
selge,jasné,0,0.6067587155804419,0.0,1.0,1830,764054.0,yes,1
selts,spolok,0,0.4886458399672707,0.0,1.0,507,185095.0,yes,1
koht,miesto,0,0.5729004364099233,0.0,1.0,290,2726920.0,yes,1
ettevõtlus,podnikanie,0,0.695276836785574,0.0,1.0,31008,139413.0,yes,1
laul,pieseň,0,0.7461260662746839,0.0,1.0,752,392297.0,yes,1
juur,koreň,0,0.5787467347065238,0.0,1.0,14600,128780.0,yes,1
jälgima,sledovať,0,0.5968559735466632,0.0,1.0,20574,463215.0,yes,1
vahendusel,sprostredkovane,0,0.6628734983568745,0.0,1.0,3552,0.0,yes,1
tegelema,zaoberať,0,0.7137573725760276,0.0,1.0,4358,817278.0,yes,1
linn,mesto,0,0.7879295879574133,0.0,1.0,114,1549647.0,yes,1
sülle,bozkáva,0,0.5521474268191388,0.0,1.0,105259,5.0,no,meaning
ohver,obeť,0,0.5101289364384911,0.0,1.0,15518,186708.0,yes,1
näitleja,herec,0,0.7897494235911985,0.0,1.0,164,214001.0,yes,1
püksid,ponožky,0,0.5820661944820362,0.0,1.0,10577,0.0,no,meaning
õhtu,popoludnie,0,0.6414119213820729,0.0,1.0,10647,832578.0,no,meaning
õhtu,popoludnie,0,0.698809503313621,0.0,1.0,10647,832578.0,no,meaning
miski,súcno,0,0.5834643652452587,0.0,1.0,3749,3791215.0,no,meaning
kell,utc,0,0.7739452482020286,0.0,1.0,138,1860327.0,no,shortcut
kuivõrd,pretože,0,0.5272885955246182,0.0,1.0,7306,101438.0,no,meaning
elama,odsťahovať,0,0.6961823154096204,0.0,1.0,1285,1552401.0,no,meaning
sisemine,vnútorná,0,0.5827908353207326,0.0,1.0,7545,148597.0,yes,not_basic_form
pidu,slávnosti,0,0.6171690134150392,0.0,1.0,13249,237563.0,yes,not_basic_form
põhi,nadstavba,0,0.3898294832689402,0.0,1.0,5547,317683.0,no,meaning
ripsmed,žiabrové,0,0.7630970665587077,0.0,1.0,68151,0.0,no,meaning
kell,hodin,0,0.6044925669915737,0.0,1.0,138,1860327.0,yes,not_basic_form
juur,koreň,0,0.582242260997818,0.0,1.0,14600,128780.0,yes,1
nemad,tí,0,0.4979301453385567,0.0,1.0,5796,0.0,yes,not_basic_form
pulmad,svadby,0,0.6129492655369353,0.0,1.0,23347,0.0,yes,not_basic_form
püksid,ponožky,0,0.5885346474099638,0.0,1.0,10577,0.0,no,meaning
matused,pohreby,0,0.6003344253053123,0.0,1.0,18043,0.0,yes,not_basic_form
põhjendama,vynucovať,0,0.765862551299616,0.0,1.0,96011,121083.0,no,meaning
vangis,väzení,0,0.7066340854265414,0.0,1.0,10569,5.0,yes,not_basic_form
ripsmed,panôžky,0,0.6881615033526343,0.0,1.0,68151,0.0,no,meaning
kalad,rybky,0,0.6102044346949623,0.0,1.0,7921,0.0,yes,1
sisemine,rozťahovanie,0,0.5726483926232326,0.0,1.0,7545,148597.0,no,meaning
madalale,nižšiemu,0,0.6353166156693593,0.0,1.0,24269,26.0,yes,2nd_grade
kilo,kilogramu,0,0.4807869384918824,0.0,1.0,17521,106652.0,yes,not_basic_form
vuntsid,nohavice,0,0.5265036957774021,0.0,1.0,136693,0.0,no,meaning
organism,organizmus,0,0.7541441700367828,0.0,1.0,8166,187605.0,yes,1
võistlus,súťažílo,0,0.7050417519073131,0.0,1.0,4510,524195.0,no,pos_tag
nõu,požiadaj,0,0.4488527946825209,0.0,1.0,4848,282856.0,no,pos_tag
pood,predajňa,0,0.6326510977123749,0.0,1.0,16503,513985.0,yes,1
õhtu,popoludnie,0,0.6390971135501051,0.0,1.0,10647,832578.0,no,meaning
laekuma,vyplácať,0,0.5517012538558786,0.0,1.0,305045,135172.0,no,meaning
tellimus,objednávka,0,0.6490884991990427,0.0,1.0,41001,182512.0,yes,1
tegelema,zaoberať,0,0.654401215796401,0.0,1.0,4358,817278.0,yes,1
eel,počas,0,0.4333238093544969,0.0,1.0,4673,106733.0,no,meaning
vangis,uväznení,0,0.4992590249876654,0.0,1.0,10569,5.0,no,meaning
madalale,nízko,0,0.5406086473620906,0.0,1.0,24269,26.0,yes,not_basic_form
demokraatia,demokracia,0,0.7759162929550449,0.0,1.0,4098,110824.0,yes,1
olud,politické,0,0.5514875239168116,0.0,1.0,32436,0.0,no,meaning
vahendusel,prostredníctvom,0,0.6728923838063823,0.0,1.0,3552,0.0,yes,1
sundima,vnucovať,0,0.7401766962568657,0.0,1.0,98623,292004.0,yes,near_equivalent
põlema,odpálili,0,0.6101117963532269,0.0,1.0,7714,187965.0,yes,near_equivalent
üheksa,šesť,0,0.7275583719832228,0.0,1.0,2881,166919.0,no,meaning
näpp,háčik,0,0.5220480667090039,0.0,1.0,132113,115253.0,no,meaning
ettevõte,firma,0,0.7545573429673489,0.0,1.0,1464,1428160.0,yes,1
pidu,slávnosti,0,0.5980836437924413,0.0,1.0,13249,237563.0,yes,not_basic_form
põhi,dno,0,0.5101792588717242,0.0,1.0,5547,317683.0,yes,1
selts,spolok,0,0.4886816944387842,0.0,1.0,507,185095.0,yes,1
minister,minister,0,0.835560209792066,0.0,1.0,2924,305397.0,yes,1
tüüp,typ,0,0.6632560939443738,0.0,1.0,2340,374774.0,yes,1
laupäev,piatok,0,0.6921451083836612,0.0,1.0,34506,339416.0,no,meaning
suhkur,mlieko,0,0.6284883070012673,0.0,1.0,28078,157996.0,no,meaning
vangist,uväznená,0,0.6742478135667979,0.0,1.0,47942,0.0,no,meaning
hindamine,zhodnotenie,0,0.7522324033770366,0.0,1.0,6466,229765.0,yes,near_equivalent
ammu,dávno,0,0.6872465652215198,0.0,1.0,8069,270403.0,yes,1
soodne,výhodný,0,0.5937457003877069,0.0,1.0,20879,137496.0,yes,1
näpp,prstnatec,0,0.5284075151108286,0.0,1.0,132113,115253.0,no,meaning
õnnelik,šťastie,0,0.6129896868132267,0.0,1.0,9829,251656.0,no,pos_tag
enese,náruživosť,0,0.4919393553110704,0.0,1.0,4048,0.0,no,meaning
mahtuma,spotrebúvať,0,0.5192247497075552,0.0,1.0,112332,213662.0,no,meaning
selge,jasné,0,0.6144232759188912,0.0,1.0,1830,764054.0,yes,1
kanal,kanál,0,0.6934705979993958,0.0,1.0,2145,195056.0,yes,1
prillid,nožničky,0,0.5835850695464477,0.0,1.0,27376,0.0,no,meaning
üheksa,deväť,0,0.7681771441272403,0.0,1.0,2881,166919.0,yes,1
süles,odťal,0,0.5365453779074235,0.0,1.0,67682,0.0,no,meaning
lõplik,konečný,0,0.5953015640391434,0.0,1.0,5056,122888.0,yes,1
sõitma,jazdiť,0,0.7033466507346875,0.0,1.0,13698,1406894.0,yes,1
vahendusel,prostredníctvom,0,0.6519338939432158,0.0,1.0,3552,0.0,yes,1
pood,predajňa,0,0.6220932845034085,0.0,1.0,16503,513985.0,yes,1
demokraatia,demokracií,0,0.7918973769311407,0.0,1.0,4098,110824.0,yes,not_basic_form
peamiselt,prevažne,0,0.7250205883496865,0.0,1.0,239,307417.0,yes,1
elama,odsťahoval,0,0.7035100757655486,0.0,1.0,1285,1552401.0,no,meaning
lõplik,konečný,0,0.7010014101730445,0.0,1.0,5056,122888.0,yes,1
põhjendama,zdôvodňovať,0,0.6694087816709862,0.0,1.0,96011,121083.0,yes,1
te,te,0,0.4492489962245887,0.0,1.0,2240,44.0,no,not_language
järgmine,ďalší,0,0.6413558821583086,0.0,1.0,1855,1661707.0,yes,1
samuti,tiež,0,0.7289397197437126,0.0,1.0,108,1933240.0,yes,1
võimalik,možné,0,0.6517722498036966,0.0,1.0,209,2337813.0,yes,not_basic_form
pulmad,svadby,0,0.6621513906535611,0.0,1.0,23347,0.0,yes,not_basic_form
samuti,tiež,0,0.6975031679182673,0.0,1.0,108,1933240.0,yes,1
nõu,požiadaj,0,0.447173212276326,0.0,1.0,4848,282856.0,no,pos_tag
ahi,slamet,0,0.4256694387970164,0.0,1.0,24131,169140.0,no,meaning
sõitma,jazdiť,0,0.7079048528750496,0.0,1.0,13698,1406894.0,yes,1
õnnelik,šťastná,0,0.629820066439893,0.0,1.0,9829,251656.0,yes,not_basic_form
esindus,veľvyslanectvo,0,0.4986580682136837,0.0,1.0,11379,104355.0,no,meaning
nemad,jediní,0,0.5617175051061345,0.0,1.0,5796,0.0,no,meaning
vuntsid,ozdobovali,0,0.5607548236394493,0.0,1.0,136693,0.0,no,meaning
olemasolu,existenciu,0,0.7071911559769197,0.0,1.0,1319,195567.0,yes,not_basic_form
lugu,„príbeh,0,0.6047404269583033,0.0,1.0,902,1104562.0,yes,1
ettevõte,firma,0,0.7503117215340941,0.0,1.0,1464,1428160.0,yes,1
selts,spolok,0,0.5084420934552341,0.0,1.0,507,185095.0,yes,1
läbirääkimised,rokovania,0,0.770681268011474,0.0,1.0,8527,0.0,yes,1
märkmed,zápisky,0,0.5352665106416314,0.0,1.0,19407,0.0,yes,near_equivalent
suhkur,cukor,0,0.6785206273092586,0.0,1.0,28078,157996.0,yes,1
vangi,zajatý,0,0.6448969067769637,0.0,1.0,2022,0.0,no,pos_tag
põlema,zapálili,0,0.6137324883808033,0.0,1.0,7714,187965.0,yes,not_basic_form
soodne,priaznivý,0,0.6758787482064111,0.0,1.0,20879,137496.0,yes,near_equivalent
põlema,horieť,0,0.6731008083736365,0.0,1.0,7714,187965.0,yes,1
eesotsas,čele,0,0.5177424158991402,0.0,1.0,3280,0.0,no,meaning
linn,mesto,0,0.7778450421206204,0.0,1.0,114,1549647.0,yes,1
kilo,kilogramov,0,0.5690056407128343,0.0,1.0,17521,106652.0,yes,not_basic_form
lugu,„príbeh,0,0.5688592834171557,0.0,1.0,902,1104562.0,yes,1
eesotsas,čele,0,0.6511116709221375,0.0,1.0,3280,0.0,no,meaning
esindus,zastupovalo,0,0.5026663399495219,0.0,1.0,11379,104355.0,no,pos_tag
sõbralik,priateľský,0,0.6006393780953916,0.0,1.0,27328,132673.0,yes,1
esindus,zastupiteľstvo,0,0.5654066297668001,0.0,1.0,11379,104355.0,yes,1
põhimõte,princíp,0,0.6417411289621322,0.0,1.0,9027,347800.0,yes,1
pidu,slávnosti,0,0.6090478746191859,0.0,1.0,13249,237563.0,yes,not_basic_form
miski,nehovorím,0,0.540481301256291,0.0,1.0,3749,3791215.0,no,meaning
tegelema,zaoberať,0,0.7087560474339032,0.0,1.0,4358,817278.0,yes,1
mahtuma,spotrebúvať,0,0.5054891669171817,0.0,1.0,112332,213662.0,no,meaning
juur,koreň,0,0.6492784402905274,0.0,1.0,14600,128780.0,yes,1
kuivõrd,skutočnosť,0,0.552787533651081,0.0,1.0,7306,101438.0,no,meaning
põhimõte,princíp,0,0.6979462423133024,0.0,1.0,9027,347800.0,yes,1
samasugune,rovnaká,0,0.6546949943780032,0.0,1.0,8596,232692.0,yes,not_basic_form
jutumärgid,úvodzovky,0,0.6531429656980867,0.0,1.0,54936,0.0,yes,1
kanal,kanál,0,0.6970876473559096,0.0,1.0,2145,195056.0,yes,1
märkmed,životopisné,0,0.6315569753749974,0.0,1.0,19407,0.0,no,meaning
seoses,súvislosti,0,0.6944634897088549,0.0,1.0,695,441101.0,yes,not_basic_form
hommik,ráno,0,0.6805583257164605,0.0,1.0,20865,659630.0,yes,1
tellimus,objednávke,0,0.6692061968618626,0.0,1.0,41001,182512.0,yes,not_basic_form
peamiselt,prevažne,0,0.7234459195141263,0.0,1.0,239,307417.0,yes,1
küll,ale,0,0.7204224877128143,0.0,1.0,447,2924749.0,no,meaning
sülle,hrýzť,0,0.5474928953188553,0.0,1.0,105259,5.0,no,meaning
nemad,jediní,0,0.5722202812773631,0.0,1.0,5796,0.0,no,meaning
te,te,0,0.4739360868952831,0.0,1.0,2240,44.0,no,not_language
koht,miesto,0,0.5763386802980542,0.0,1.0,290,2726920.0,yes,1
elama,odsťahoval,0,0.6895766811343135,0.0,1.0,1285,1552401.0,no,meaning
eel,počas,0,0.5151833951651889,0.0,1.0,4673,106733.0,no,meaning
põhi,stredné,0,0.4229228004221943,0.0,1.0,5547,317683.0,no,meaning
olud,politické,0,0.5527160091734017,0.0,1.0,32436,0.0,no,meaning
pood,predajňu,0,0.6435983052100854,0.0,1.0,16503,513985.0,yes,not_basic_form
enese,sebectva,0,0.5427269197859732,0.0,1.0,4048,0.0,no,meaning
mahtuma,fixovať,0,0.6648814772511823,0.0,1.0,112332,213662.0,no,meaning
vms,prípadne,0,0.5434746484935973,0.0,1.0,4386,230297.0,no,shortcut
linn,mesto,0,0.7897142200357115,0.0,1.0,114,1549647.0,yes,1
küll,ale,0,0.7407121939358822,0.0,1.0,447,2924749.0,no,meaning
kanal,kanál,0,0.6764209545302633,0.0,1.0,2145,195056.0,yes,1
süles,odťal,0,0.5384001837006621,0.0,1.0,67682,0.0,no,meaning
küll,ale,0,0.7192209166401538,0.0,1.0,447,2924749.0,no,meaning
kalad,rybky,0,0.6023444388277996,0.0,1.0,7921,0.0,yes,1
ammu,dávno,0,0.5908155436133047,0.0,1.0,8069,270403.0,yes,1
kiire,rýchly,0,0.6682521825010159,0.0,1.0,1916,532068.0,yes,1
enda,vlastného,0,0.5423878721608185,0.0,1.0,388,72.0,yes,not_basic_form
nõu,požiada,0,0.4662390604119139,0.0,1.0,4848,282856.0,no,pos_tag
vms,prípadne,0,0.5470249100881993,0.0,1.0,4386,230297.0,no,shortcut
paiknema,nachádzať,0,0.6131248600565211,0.0,1.0,48196,116486.0,no,meaning
kuivõrd,nevyplýva,0,0.5452769171073262,0.0,1.0,7306,101438.0,no,meaning
seoses,súvislosti,0,0.6811212819037882,0.0,1.0,695,441101.0,yes,not_basic_form
organism,organizmus,0,0.7652336552618089,0.0,1.0,8166,187605.0,yes,1
püksid,nohavice,0,0.6839319906957713,0.0,1.0,10577,0.0,yes,1
raadio,vysielania,0,0.7372396638160733,0.0,1.0,1163,148117.0,no,meaning
samasugune,podobný,0,0.6251092659713575,0.0,1.0,8596,232692.0,yes,near_equivalent
vangi,zajatý,0,0.5209681903873531,0.0,1.0,2022,0.0,no,pos_tag
ohver,obeť,0,0.496510456024527,0.0,1.0,15518,186708.0,yes,1
suhkur,mlieko,0,0.6351538067583127,0.0,1.0,28078,157996.0,no,meaning
maantee,križovatka,0,0.564330183357568,0.0,1.0,877,219004.0,no,meaning
olud,situácie,0,0.5133740150910799,0.0,1.0,32436,0.0,no,meaning
meenutama,pripomínať,0,0.784993534139158,0.0,1.0,63154,397439.0,yes,1
hindamine,zhodnotenie,0,0.7574499847149535,0.0,1.0,6466,229765.0,yes,near_equivalent
samuti,tiež,0,0.7067173255994603,0.0,1.0,108,1933240.0,yes,1
sundima,vyzvať,0,0.5646608139339266,0.0,1.0,98623,292004.0,no,meaning
näpp,prstnatec,0,0.5310355169469788,0.0,1.0,132113,115253.0,no,meaning
matused,pohreby,0,0.5951872595214618,0.0,1.0,18043,0.0,yes,not_basic_form
süles,zaspáva,3,0.5222343696654036,0.0143110082420199,0.9733274969251732,67682,0.0,no,meaning
organism,organizmom,3,0.6879899978431483,0.0809104477884137,0.8947712304654015,8166,187605.0,yes,not_basic_form
linn,mesto,0,0.7879295879574133,0.0,1.0,114,1549647.0,yes,1
prillid,nohavičky,1,0.5624970668944044,0.0098118834817128,0.9828556176252976,27376,0.0,no,meaning
õhtu,popoludnia,1,0.6883531964522415,0.0104563068613795,0.9850369710031164,10647,832578.0,no,meaning
üheksa,deväť,0,0.7681771441272403,0.0,1.0,2881,166919.0,yes,1
samasugune,podobná,1,0.6153289268665125,0.0393660675114906,0.9398711341165964,8596,232692.0,yes,not_basic_form
neli,šesť,2,0.7575049752132457,0.0613715367998092,0.925053978347799,516,863991.0,no,meaning
eesotsas,čele,0,0.6511116709221375,0.0,1.0,3280,0.0,no,meaning
hommik,popoludnie,1,0.6061119582354235,0.0512617150228145,0.9220204320493418,20865,659630.0,no,meaning
samuti,taktiež,1,0.6790417740382945,0.0498979457054181,0.9315472262604078,108,1933240.0,yes,1
nemad,mazali,2,0.4708251874845676,0.027104957853989,0.9455647381309688,5796,0.0,no,meaning
järgmine,následujúci,4,0.5747435727669886,0.06661230939132,0.8961383044197639,1855,1661707.0,yes,1
näitleja,herec,0,0.7897494235911985,0.0,1.0,164,214001.0,yes,1
põhimõte,princípom,4,0.5770242322035711,0.064716896758561,0.8991542012224997,9027,347800.0,yes,not_basic_form
kanal,kanál,0,0.6970876473559096,0.0,1.0,2145,195056.0,yes,1
linn,mestké,4,0.5954233983668822,0.1925061895905311,0.7556809738677616,114,1549647.0,no,pos_tag
enda,„svojho,3,0.4880404688460323,0.0543474033147862,0.8997997446029321,388,72.0,yes,1
paiknema,vynachádzať,4,0.6353875871152548,0.0323133740280017,0.9516050209472908,48196,116486.0,no,meaning
nemad,tí,1,0.5470141238438697,0.0147033812622647,0.9738242423841026,5796,0.0,yes,not_basic_form
nõu,dôveru,1,0.4431017592546817,0.0040714530216442,0.990895132110176,4848,282856.0,no,meaning
eel,počas,0,0.4333238093544969,0.0,1.0,4673,106733.0,no,meaning
te,inych,3,0.3899754568174989,0.0592735394070897,0.8680608306190678,2240,44.0,no,meaning
koht,naj,3,0.4190433660960297,0.1538570703138935,0.7314418692399017,290,2726920.0,no,meaning
mahtuma,zapínať,3,0.4930347064422654,0.0124544604749162,0.975361567982016,112332,213662.0,no,meaning
kiire,prudký,2,0.580183037790815,0.0687863897212938,0.8940067331291807,1916,532068.0,no,meaning
pulmad,svadba,2,0.5556412069469086,0.0560880559495211,0.9083122888645964,23347,0.0,yes,1
koht,najvyssia,4,0.4263992101763683,0.1499394701216859,0.7398413897117845,290,2726920.0,no,meaning
vms,prípadne,0,0.5434746484935973,0.0,1.0,4386,230297.0,no,shortcut
vms,prípadne,0,0.5470249100881993,0.0,1.0,4386,230297.0,no,shortcut
tegelema,zaoberajúcimi,3,0.5588916774937485,0.1548656950822791,0.7830275370419614,4358,817278.0,yes,not_basic_form
lugu,„príbeh,0,0.6047404269583033,0.0,1.0,902,1104562.0,yes,1
neli,dva,4,0.7203389959842179,0.0985375160288369,0.8796674289917036,516,863991.0,no,meaning
sundima,ľutovať,2,0.7347965659635453,0.0053801302933204,0.992731289271159,98623,292004.0,no,meaning
teie,vypisuješ,4,0.5584713095888434,0.0169943537383989,0.9704685182428772,5787,7.0,no,meaning
hindamine,zhodnotenie,0,0.7522324033770366,0.0,1.0,6466,229765.0,yes,near_equivalent
minister,minister,0,0.835560209792066,0.0,1.0,2924,305397.0,yes,1
elama,presťahoval,3,0.658479040819383,0.0450310349461655,0.9359909168363176,1285,1552401.0,no,meaning
sõitma,premávať,3,0.6211168728054146,0.0867879800696349,0.8774016314238297,13698,1406894.0,no,meaning
nõu,požiadať,4,0.4102216937093044,0.0386311009732164,0.9139336962343284,4848,282856.0,no,pos_tag
selts,muzeálne,2,0.4462708601956171,0.0424108342431671,0.9132137857304582,507,185095.0,no,meaning
pood,predajňu,0,0.6435983052100854,0.0,1.0,16503,513985.0,yes,not_basic_form
õnnelik,šťastný,1,0.5978313605146585,0.0188795995069457,0.969386632100256,9829,251656.0,yes,1
tüüp,typom,3,0.5512473578608229,0.1295082127783982,0.8097581299896062,2340,374774.0,yes,not_basic_form
võimalik,možnosť,2,0.5800333677561345,0.0717388820475621,0.8899325921452336,209,2337813.0,no,pos_tag
peamiselt,predovšetkým,3,0.628871378598157,0.0961492097515295,0.8673841663305214,239,307417.0,yes,1
pood,predajňou,3,0.5975046657021168,0.0351464320102581,0.9444457898874352,16503,513985.0,yes,not_basic_form
nemad,pôjdu,4,0.463750409424063,0.0341797359144936,0.931356363468908,5796,0.0,no,meaning
jutumärgid,úvodzoviek,3,0.5929919453710935,0.0601510203269932,0.9079052772730956,54936,0.0,yes,not_basic_form
soodne,výhodný,1,0.6621320910250926,0.0137466571813185,0.9796610601860196,20879,137496.0,yes,1
õpingud,štúdiá,0,0.6850052472921,0.0,1.0,6881,3.0,yes,1
ammu,dávnoveku,1,0.5524420949272899,0.1348044702942299,0.8038484626681568,8069,270403.0,no,meaning
vangist,väzení,1,0.6633297069197193,0.0138607875598609,0.9795319224459684,47942,0.0,yes,not_basic_form
põlema,zapálili,3,0.6102435433793509,0.0628572649942855,0.9066153773516288,7714,187965.0,yes,not_basic_form
küll,hoci,3,0.6255475255984717,0.0948749621143425,0.8683064955182757,447,2924749.0,no,meaning
õde,dcérku,2,0.6576336555798787,0.0513648728063987,0.9275529204224044,1463,229863.0,no,meaning
ripsmed,panôžky,1,0.7537160121244293,0.0093810544342783,0.9877066039886858,68151,0.0,no,meaning
olud,prospekty,4,0.4530486226742704,0.0603253924168095,0.8824923142903777,32436,0.0,no,meaning
matused,pohrebu,3,0.6101058314026322,0.0957526691800665,0.8643458014587612,18043,0.0,yes,not_basic_form
selge,nepodstatný,3,0.5013416242173865,0.1130816517015047,0.8159548048820461,1830,764054.0,no,meaning
võistlus,súťaž,0,0.6914611982913934,0.0,1.0,4510,524195.0,yes,1
eesotsas,predsedala,3,0.4256616687737617,0.0920807471253783,0.8221495007986436,3280,0.0,no,meaning
läbirääkimised,rokovanie,4,0.6591015202548548,0.1115797477566191,0.8552193333509723,8527,0.0,yes,not_basic_form
vangi,väzenia,2,0.626630030413903,0.0182668763630606,0.9716747340992004,2022,0.0,yes,not_basic_form
võistlus,súťažnú,2,0.6436063916612624,0.0478548066301309,0.9307917685788,4510,524195.0,no,pos_tag
miski,bytie,2,0.562337021572026,0.0211273436732326,0.9637898303106278,3749,3791215.0,no,meaning
laekuma,účtovať,0,0.7024184014671938,0.0,1.0,305045,135172.0,no,meaning
esindus,zastupovalo,0,0.5026663399495219,0.0,1.0,11379,104355.0,no,pos_tag
kalad,rybky,1,0.5998615268261425,0.0008433749376302,0.9985960245452402,7921,0.0,yes,1
samasugune,podobný,0,0.6251092659713575,0.0,1.0,8596,232692.0,yes,near_equivalent
kell,utc,0,0.7739452482020286,0.0,1.0,138,1860327.0,no,shortcut
püksid,čižmy,4,0.6009872646619363,0.0829447260338349,0.878723722296636,10577,0.0,no,meaning
vahendusel,prostredníctvom,4,0.6373460799914765,0.0255274183653979,0.9614897587116168,3552,0.0,yes,1
võistlus,súťažná,1,0.6626459751963456,0.0288152230950478,0.958327057011658,4510,524195.0,no,pos_tag
eesotsas,zastupovali,4,0.512111673964303,0.1389999969578345,0.7865189595496336,3280,0.0,no,meaning
te,ci,4,0.3878175636413085,0.0614314325832802,0.8632574961779783,2240,44.0,no,meaning
läbirääkimised,rokovala,4,0.6285834112620378,0.1099709211116343,0.8510997548979315,8527,0.0,no,pos_tag
vangis,väzení,0,0.6923974856815753,0.0,1.0,10569,5.0,yes,not_basic_form
eesotsas,vymenovali,3,0.5155892296611095,0.1281012128651744,0.800989412919637,3280,0.0,no,meaning
vangi,zajatca,4,0.6120457841909854,0.0156618957939244,0.975049061381086,2022,0.0,no,meaning
minister,„minister,2,0.5725221507257454,0.0679377387173673,0.8939235074089652,2924,305397.0,yes,1
üheksa,štrnásť,4,0.6888200564801923,0.0390982921547725,0.9462875304241308,2881,166919.0,no,meaning
maantee,križovatky,3,0.7041075190181932,0.0411760542921787,0.9447511581272556,877,219004.0,no,meaning
kalad,ryby,2,0.5937810930473761,0.0164233416475861,0.9730855091936588,7921,0.0,yes,1
neli,tri,1,0.704800326741914,0.0114801490529515,0.9839725506405688,516,863991.0,no,meaning
organism,organizme,1,0.71605035642322,0.0380938136135627,0.9494873591455268,8166,187605.0,yes,not_basic_form
sõbralik,arogantný,0,0.6173796184327032,0.0,1.0,27328,132673.0,no,meaning
lõplik,definitívna,0,0.5604018904510936,0.0,1.0,5056,122888.0,yes,not_basic_form
laekuma,výplaty,2,0.5446436089753587,0.0046904084628504,0.9914616457128872,305045,135172.0,no,meaning
prillid,dáždniky,4,0.5143887804246755,0.0691962891217722,0.8814289591480632,27376,0.0,no,meaning
võimalik,možné,0,0.6517722498036966,0.0,1.0,209,2337813.0,yes,not_basic_form
demokraatia,demokracii,3,0.7791838230812826,0.012713553849858,0.9839454527566094,4098,110824.0,yes,not_basic_form
pood,predajňa,0,0.6326510977123749,0.0,1.0,16503,513985.0,yes,1
kalad,vtáky,4,0.5913937131924255,0.0109507256353741,0.9818198277771354,7921,0.0,no,meaning
süles,zaspáva,2,0.5320695770671022,0.0063306066335598,0.988241819328428,67682,0.0,no,meaning
eeldama,zdôvodňovať,2,0.56527398624613,0.0313805613081485,0.9474058122295737,81721,262727.0,no,meaning
samasugune,rovnaký,1,0.6085084155532158,0.0166008504181417,0.9734432821238928,8596,232692.0,yes,1
nemad,akí,3,0.5170688601638411,0.055151421113522,0.9036185488036044,5796,0.0,no,meaning
kalad,pstruhy,4,0.5694194312985396,0.0407850033964227,0.9331617387919984,7921,0.0,no,meaning
mahtuma,odpracovať,1,0.4935229538002025,0.0119662131169792,0.97632745882576,112332,213662.0,no,meaning
soodne,výhodná,0,0.6234010888134305,0.0,1.0,20879,137496.0,yes,not_basic_form
enda,svojho,1,0.5220759765490892,0.0148432573727912,0.9723547669090378,388,72.0,yes,not_basic_form
sundima,vyzývať,3,0.5377160712432741,0.0269447426906525,0.9522815431392668,98623,292004.0,no,meaning
võistlus,súťaž,1,0.6846946556769185,0.0319595878355792,0.9554044532284668,4510,524195.0,yes,1
võimalik,možné,0,0.8219460487919524,0.0,1.0,209,2337813.0,yes,not_basic_form
vangi,zajatý,0,0.6448969067769637,0.0,1.0,2022,0.0,no,pos_tag
jälgima,sledovať,0,0.6148622846581835,0.0,1.0,20574,463215.0,yes,1
võimalik,nemožné,3,0.6494557740215475,0.1768806516019436,0.7859459584291194,209,2337813.0,no,antonymum
põhjendama,odmietať,2,0.6531763052479984,0.0218642138072784,0.9676105164207364,96011,121083.0,no,meaning
kiire,pomalý,1,0.5847311463773548,0.064238281134754,0.9010149347388856,1916,532068.0,no,antonymum
peamiselt,prevažnej,4,0.6074710421159655,0.1159748773981608,0.8396910200612497,239,307417.0,yes,not_basic_form
kuivõrd,pretože,4,0.5212029476356174,0.0240739694717088,0.9558500117712292,7306,101438.0,no,meaning
hindamine,zhodnotenie,0,0.7878671132832037,0.0,1.0,6466,229765.0,yes,near_equivalent
jälgima,kontrolovať,1,0.5679861518116925,0.0288698217349706,0.95163017040205,20574,463215.0,no,meaning
hommik,večera,4,0.5751013318940108,0.0822723413642272,0.8748469178017905,20865,659630.0,no,meaning
püksid,nosili,3,0.5571569217064521,0.0313777257035116,0.9466849983402008,10577,0.0,no,meaning
peamiselt,najmä,1,0.7239367772816805,0.0582532483595812,0.9255254523198202,239,307417.0,yes,1
laupäev,pondelok,3,0.5996410354532079,0.0293951999741662,0.95326946474841,34506,339416.0,no,meaning
sõbralik,arogantný,2,0.5723910015048758,0.0282483765905158,0.9529694894795434,27328,132673.0,no,meaning
laul,pieseň,0,0.7217355941405147,0.0,1.0,752,392297.0,yes,1
järgmine,predposledný,0,0.5561949267753898,0.0,1.0,1855,1661707.0,no,meaning
tüüp,/typ,3,0.494106323741089,0.1967127569346967,0.7152470705611305,2340,374774.0,yes,1
püksid,rukávy,2,0.6091675889579076,0.0747644017378637,0.8906844499819272,10577,0.0,no,meaning
märkmed,rukopisné,2,0.588893293324662,0.0426636820503354,0.9324468199800926,19407,0.0,no,meaning
ohver,smrteľník,3,0.496285249016827,0.1404851881635032,0.7793785955491548,15518,186708.0,no,meaning
maantee,križovatka,0,0.745283573310372,0.0,1.0,877,219004.0,no,meaning
lõplik,definitívny,2,0.5725305843878331,0.1284708257852114,0.8167324288926923,5056,122888.0,yes,near_equivalent
jälgima,skontrolovať,3,0.5490509380480302,0.047805035498633,0.9199052407659356,20574,463215.0,no,meaning
sisemine,vnútorný,1,0.565479111197972,0.0071692814252606,0.9874804827576324,7545,148597.0,yes,1
te,jí,4,0.392178377223602,0.0377697295472777,0.912152818090195,2240,44.0,no,meaning
jälgima,monitorovať,2,0.5678816470418983,0.0469806376162852,0.9235916093920074,20574,463215.0,yes,1
põhjendama,vynucovať,4,0.6377226485408001,0.031686133130186,0.9526654952881096,96011,121083.0,no,meaning
ahi,komín,3,0.3904189052458195,0.0620374820698895,0.8628873769736356,24131,169140.0,no,meaning
tellimus,objednávky,2,0.6566147844425981,0.0125914124192644,0.9811845549573364,41001,182512.0,yes,not_basic_form
vahendusel,sprostredkovaní,1,0.6471100424639601,0.0048238514792556,0.9926007045743876,3552,0.0,yes,not_basic_form
maantee,nadjazd,4,0.538506025849346,0.0258241575082219,0.954239276455891,877,219004.0,no,meaning
õhtu,popoludnia,1,0.6220557167464812,0.0170413968036239,0.9733351998588116,10647,832578.0,no,meaning
ahi,slamet,4,0.3816403319040835,0.0708160554116256,0.8434853448931144,24131,169140.0,no,meaning
eesotsas,predsedali,1,0.4392334198661319,0.0785089960330082,0.8483628274947009,3280,0.0,no,meaning
vms,alebo,1,0.5081092595025369,0.0353653889910603,0.934927251732742,4386,230297.0,no,shortcut
jutumärgid,píšete,1,0.6153233732247921,0.047488907422197,0.928352402620178,54936,0.0,no,meaning
suhkur,cukor,0,0.6785206273092586,0.0,1.0,28078,157996.0,yes,1
matused,pohreby,0,0.7058585005826987,0.0,1.0,18043,0.0,yes,not_basic_form
hetk,okamihom,3,0.5887188594177828,0.1019816986290866,0.8523503456874775,14109,1585458.0,yes,not_basic_form
ettevõte,podnikom,4,0.6577078951269555,0.1144435882703068,0.851786092844392,1464,1428160.0,yes,not_basic_form
enese,uvedomelosti,4,0.5150202349207464,0.0277066848652267,0.9489491236658152,4048,0.0,no,meaning
vms,predmetné,4,0.4410634291922358,0.0391451114823651,0.9184831002227204,4386,230297.0,no,shortcut
näpp,hnedáčik,1,0.5186265001114638,0.0097810149993647,0.981489636843425,132113,115253.0,no,meaning
laekuma,požičať,3,0.6482864186075044,0.0541319828596894,0.9229348451768632,305045,135172.0,no,meaning
küll,hoci,3,0.6319003648751897,0.087320551764964,0.878590083040295,447,2924749.0,no,meaning
laul,skladba,4,0.6818226241853409,0.064303442089343,0.913816920496556,752,392297.0,yes,near_equivalent
võimalik,nemožný,4,0.5581451676513516,0.093627082152345,0.8563500023504468,209,2337813.0,no,antonymum
vahendusel,sprostredkované,1,0.6456206173474188,0.0172528810094556,0.9739725889597004,3552,0.0,no,pos_tag
madalale,nízkou,0,0.7306528587129972,0.0,1.0,24269,26.0,yes,not_basic_form
peamiselt,predovšetkých,4,0.6774752472025973,0.1047147784386643,0.8661261649906412,239,307417.0,yes,near_equivalent
olemasolu,neexistenciu,1,0.6540910410806282,0.1002501836192171,0.8671023399800177,1319,195567.0,no,antonymum
olud,vnútropolitické,1,0.5431725607172948,0.0095434484561068,0.9827335407375312,32436,0.0,no,meaning
näpp,chrapľavá,4,0.5078386394013176,0.0231968775456612,0.956317653329434,132113,115253.0,no,meaning
suhkur,škrob,2,0.6409007383784452,0.0376198889308133,0.9445560128658156,28078,157996.0,no,meaning
juur,koreňa,2,0.4725339025585501,0.1097083584392678,0.81157609849334,14600,128780.0,yes,not_basic_form
ettevõte,firma,0,0.7545573429673489,0.0,1.0,1464,1428160.0,yes,1
tüüp,typ,0,0.6908190806757857,0.0,1.0,2340,374774.0,yes,1
elama,odsťahoval,0,0.6895766811343135,0.0,1.0,1285,1552401.0,no,meaning
linn,mestá,3,0.6283082766827276,0.1596213112746857,0.7974167822679695,114,1549647.0,yes,not_basic_form
eesotsas,menovali,2,0.5350803772317747,0.1160312936903628,0.8217950946478453,3280,0.0,no,meaning
kalad,rýb,2,0.5965208620188653,0.0058235768089343,0.9903318160946794,7921,0.0,yes,not_basic_form
hommik,večer,2,0.6029362567428387,0.0544374165153993,0.9171895396333972,20865,659630.0,no,meaning
õde,manželka,2,0.6549584950558331,0.0498204629151619,0.9293105131024466,1463,229863.0,no,meaning
hetk,okamihu,1,0.5858420982214902,0.0372396256958951,0.9402331600070608,14109,1585458.0,yes,not_basic_form
samasugune,zásadnejší,4,0.58883046144699,0.0674918102722486,0.8971666615922487,8596,232692.0,no,meaning
te,mojí,1,0.4245969670156121,0.0053511397552676,0.9875539869323828,2240,44.0,no,meaning
enda,niektorého,4,0.4659602830135972,0.0764275891472212,0.8590905271485119,388,72.0,no,meaning
pulmad,svadba,2,0.5565436455355802,0.056405620001355,0.90797669044934,23347,0.0,yes,1
kell,♠,4,0.6214500350510012,0.1524952131510274,0.8029638226925059,138,1860327.0,no,symbol
laekuma,zaplatených,1,0.5487563124681144,0.0005777049700946,0.9989483539126364,305045,135172.0,no,meaning
vms,konkrétny,3,0.4771798979357665,0.0662947505578307,0.8780168481794202,4386,230297.0,no,shortcut
sõitma,jazdil,1,0.6330454479585931,0.0703012027760944,0.9000475758252909,13698,1406894.0,yes,not_basic_form
kalad,dážďovníky,3,0.5947274300442851,0.0076170087835145,0.9873543967661796,7921,0.0,no,meaning
linn,veľkomesto,4,0.5917597812572417,0.1860852608633787,0.7607682111644514,114,1549647.0,yes,near_equivalent
miski,osebe,1,0.5775580379349218,0.0098163427908178,0.9832877580076116,3749,3791215.0,no,meaning
kilo,kilogramu,2,0.5348567112339038,0.0341489294789305,0.9399849016678468,17521,106652.0,yes,not_basic_form
seoses,súvisel,4,0.5189673653672304,0.1621539165365577,0.7619309206088457,695,441101.0,no,meaning
seoses,súvislosti,0,0.6944634897088549,0.0,1.0,695,441101.0,yes,not_basic_form
vangi,zajatia,2,0.6202284574284145,0.0074792225564953,0.9880848637112816,2022,0.0,no,meaning
enda,vlastného,1,0.4827952838414074,0.0058180368436156,0.9880927584302064,388,72.0,yes,not_basic_form
soodne,nepriaznivá,4,0.5436912322140277,0.0797098565994027,0.8721371232265235,20879,137496.0,no,antonymum
sisemine,rozťahovanie,1,0.5799132834880678,0.0028775518326648,0.9950624621077284,7545,148597.0,no,meaning
selts,muzeálne,3,0.4434486687979064,0.0451971711693642,0.907505257442913,507,185095.0,no,meaning
lugu,príbehy,3,0.5080091763805431,0.0608501070366126,0.8930313544835128,902,1104562.0,yes,not_basic_form
põhi,stredná,3,0.4063675175726459,0.0165552828495484,0.9608550713439388,5547,317683.0,no,meaning
pood,predajňu,1,0.6204618499154795,0.0121892477968954,0.9807330646529012,16503,513985.0,yes,not_basic_form
matused,pohreby,0,0.6003344253053123,0.0,1.0,18043,0.0,yes,not_basic_form
nõu,čašu,2,0.4497069955241087,0.0165320648878051,0.9645416562198812,4848,282856.0,no,meaning
soodne,priaznivejší,2,0.6473648652442592,0.0285138829621519,0.9578121326675536,20879,137496.0,yes,2nd_grade
näpp,dlaň,1,0.5212347461566011,0.0008133205524027,0.998442058108691,132113,115253.0,no,meaning
enese,uvedomení,1,0.5413258108050073,0.0042869327407727,0.992142902101382,4048,0.0,no,meaning
madalale,znižujúcou,3,0.6871003760388703,0.0435524826741269,0.940392373539957,24269,26.0,yes,2nd_grade
samuti,taktiež,1,0.6746650713259229,0.0320522542735374,0.9546462876846132,108,1933240.0,yes,1
elama,odsťahovali,2,0.6623001015880698,0.0412099741774787,0.9414223397829312,1285,1552401.0,no,meaning
mahtuma,spotrebovať,4,0.4925205740775256,0.0129685928396561,0.9743444693013948,112332,213662.0,no,meaning
sisemine,zlyhávanie,4,0.5462550604012951,0.0263933322219375,0.9539100562196065,7545,148597.0,no,meaning
süles,zaspí,1,0.533185460909772,0.00521472279089,0.9903144111968036,67682,0.0,no,meaning
võimalik,nemožné,3,0.6515403346641515,0.1704057141278009,0.7926801711885432,209,2337813.0,no,antonymum
lugu,skladbám,8,0.4926445818422014,0.1120958451161019,0.8146380825242383,902,1104562.0,yes,not_basic_form
läbirääkimised,prímerie,7,0.6374123777315194,0.1264535754546909,0.8344558034989878,8527,0.0,no,meaning
eel, počas,1,0.4728738118021365,0.01558074315925,0.9681019595354542,4673,106733.0,no,meaning
ohver,znásilnenie,3,0.4780170237108123,0.0184934323137146,0.962753186585861,15518,186708.0,no,meaning
vms,prípadne,0,0.5434746484935973,0.0,1.0,4386,230297.0,no,shortcut
põhjendama,argumentovať,5,0.6334237787547444,0.0359850029162417,0.946243604951797,96011,121083.0,no,meaning
põhi,plytká,4,0.377472758301993,0.0123567249669472,0.9683022308540412,5547,317683.0,no,meaning
lugu,piesni,7,0.4932888417296376,0.1114515852286657,0.8157034319844632,902,1104562.0,yes,not_basic_form
süles,zaspáva,2,0.5320695770671022,0.0063306066335598,0.988241819328428,67682,0.0,no,meaning
jälgima,riadiť,4,0.5387916988743445,0.0580642746723186,0.9027164387292856,20574,463215.0,no,meaning
prillid,krémové,6,0.5056834736398796,0.077901595906568,0.8665120134634152,27376,0.0,no,meaning
hindamine,hodnotenie,1,0.7485732425136127,0.0088767422013408,0.9882807546630537,6466,229765.0,yes,1
suhkur,droždie,2,0.61142704137059,0.0170612656306773,0.9728534875818414,28078,157996.0,no,meaning
tüüp,typovej,9,0.494464117027525,0.186291453611696,0.7263460460018407,2340,374774.0,no,pos_tag
prillid,vreckové,3,0.518374511079911,0.0652105584665367,0.888258692914784,27376,0.0,no,meaning
miski,súcna,4,0.555978939019683,0.0313954417060566,0.946549521504044,3749,3791215.0,no,meaning
maantee,križovatky,3,0.7041075190181932,0.0411760542921787,0.9447511581272556,877,219004.0,no,meaning
hetk,okamihom,5,0.5093041745347627,0.1137775493826226,0.8173954635239655,14109,1585458.0,yes,not_basic_form
ettevõtlus,podnikanie,5,0.6446021954951213,0.0366032415481614,0.9462669562547316,31008,139413.0,yes,1
hommik,popoludnie,1,0.6061119582354235,0.0512617150228145,0.9220204320493418,20865,659630.0,no,meaning
kuivõrd,nevyplývajú,8,0.5172203474485738,0.0280565696587523,0.9485461995941596,7306,101438.0,no,meaning
võimalik,potrebné,4,0.6411824007542635,0.1807636480376889,0.7800784512519227,209,2337813.0,no,meaning
laekuma,výkupu,1,0.5481889479527244,0.0035123059031542,0.9936336814922816,305045,135172.0,no,meaning
kiire,rýchleho,7,0.5832134245273184,0.0989854302682563,0.854902379896375,1916,532068.0,yes,not_basic_form
laupäev,piatok,3,0.6052162389195173,0.0163149816092202,0.9737503425888387,34506,339416.0,no,meaning
enda,„svojho,3,0.4742676533504865,0.0626515805713939,0.8833128399708073,388,72.0,yes,1
peamiselt,predovšetkým,3,0.628871378598157,0.0961492097515295,0.8673841663305214,239,307417.0,yes,1
selts,spevokol,5,0.4233872855397704,0.0652944088990138,0.866386628265256,507,185095.0,no,meaning
ripsmed,brušnobrvky,8,0.698658153392532,0.0644389131661756,0.9155560727591684,68151,0.0,no,meaning
eeldama,nutne,4,0.5609915163872703,0.0212682698000603,0.9634728856352486,81721,262727.0,no,meaning
näpp,prstů,6,0.5046385565221281,0.0263969604248507,0.9502915349681096,132113,115253.0,yes,not_basic_form
prillid,dáždniky,4,0.5143887804246755,0.0691962891217722,0.8814289591480632,27376,0.0,no,meaning
sõitma,zajazdil,9,0.5789622765583942,0.1243843741762933,0.8231535274300852,13698,1406894.0,yes,near_equivalent
seoses,súvisiacou,1,0.5860303643958829,0.108433125312972,0.8438605817010896,695,441101.0,yes,not_basic_form
samuti,takisto,4,0.5646116850346024,0.1421056405648579,0.7989215271546946,108,1933240.0,yes,1
sundima,presvedčovať,4,0.5344711059047628,0.0355053218657724,0.9377073855410974,98623,292004.0,no,meaning
laekuma,vyplácanie,9,0.5278396921217364,0.0238615617341422,0.956749125423638,305045,135172.0,no,meaning
märkmed,poznámky,4,0.5636271485945903,0.0622417019574925,0.9005515262461317,19407,0.0,yes,1
elama,presťahoval,6,0.6383317349716888,0.0512449461626246,0.925686370254966,1285,1552401.0,no,meaning
vangi,väzenia,1,0.6272449532364908,0.000462726748419,0.9992628308316536,2022,0.0,yes,not_basic_form
ettevõtlus,"podnikania,",2,0.6589759802022395,0.0222294568410432,0.96736747002853,31008,139413.0,yes,1
üheksa,päť,3,0.7046005795008952,0.0233177691340696,0.967966504515518,2881,166919.0,no,meaning
neli,šesť,2,0.6953647259835474,0.0165475859581163,0.976756145833488,516,863991.0,no,meaning
ammu,zabudlo,7,0.44956471923534,0.1513764629323502,0.7481010331388652,8069,270403.0,no,meaning
õnnelik,láskavé,6,0.5449759397938483,0.0717350202277559,0.8836812950020494,9829,251656.0,no,meaning
hindamine,zohľadňovanie,2,0.7442118518351512,0.0132381328798023,0.9825227630246977,6466,229765.0,no,meaning
kalad,dážďovníky,3,0.5947274300442851,0.0076170087835145,0.9873543967661796,7921,0.0,no,meaning
koht,najvyššia,4,0.4159539078953059,0.1569465285146173,0.7260492076107994,290,2726920.0,no,meaning
samasugune,takýto,2,0.5499937466836171,0.0751155192877404,0.8798361768465895,8596,232692.0,no,meaning
sõbralik,bojazlivý,9,0.5168924403127838,0.0837469377826077,0.8605703508015631,27328,132673.0,no,meaning
organism,organizmu,7,0.6653629847141878,0.1035374609173742,0.8653434765116694,8166,187605.0,yes,not_basic_form
juur,koreňový,1,0.4775778442916649,0.104664416706153,0.8202390590356936,14600,128780.0,no,pos_tag
järgmine,—predchádzajúci,4,0.5387463246313065,0.0174486021440833,0.9686286204636136,1855,1661707.0,no,antonymum
organism,vnútrobunkový,2,0.6994017371127766,0.0694987085187853,0.9096128648206202,8166,187605.0,no,meaning
õnnelik,šťastná,4,0.5614725123273854,0.0552384476942188,0.910430572383076,9829,251656.0,yes,not_basic_form
võimalik,dá,2,0.6550744015337403,0.1668716472582121,0.796979804813868,209,2337813.0,no,meaning
te,ti,7,0.3681781196645274,0.1057579672307557,0.7768518368719977,2240,44.0,no,meaning
selge,jednoznačný,2,0.5121026408281985,0.1023206350906927,0.8334688168548485,1830,764054.0,yes,near_equivalent
kilo,váži,8,0.4938212611720139,0.0871561931981148,0.8499835190806054,17521,106652.0,no,meaning
raadio,rozhlasového,3,0.7171262064338112,0.0201134573822621,0.972717884875928,1163,148117.0,no,meaning
juur,seme,6,0.4406301895528476,0.1416120714449703,0.756781530763015,14600,128780.0,no,meaning
põhjendama,ospravedlňovať,1,0.6567022482072807,0.0127065334637054,0.9810182749141904,96011,121083.0,no,meaning
hommik,večerný,3,0.5765700398973213,0.0808036333609167,0.8770811234949252,20865,659630.0,no,meaning
enda,vlastnu,5,0.4484869078241273,0.0884323260977531,0.8352967811344607,388,72.0,no,meaning
selge,nejednoznačný,6,0.4893133149484144,0.1251099609704768,0.7963782202369034,1830,764054.0,no,meaning
näitleja,bábkoherečka,9,0.6811491278402069,0.1086002957509916,0.8624876543028579,164,214001.0,no,meaning
pidu,popoludnie,9,0.5048452019046626,0.1042026727145232,0.8289088968914354,13249,237563.0,no,meaning
läbirääkimised,podpísania,8,0.6372791402519953,0.126586812934215,0.8342813782886898,8527,0.0,no,meaning
organism,mikroorganizmus,5,0.674130824420766,0.094769621210796,0.8767465648521586,8166,187605.0,no,meaning
nõu,žiadosťou,6,0.4039336319677954,0.0449191627147254,0.8999245114503579,4848,282856.0,no,meaning
ettevõte,firmy,4,0.6726094017395835,0.0819479412277653,0.8913960058946621,1464,1428160.0,yes,not_basic_form
matused,pohreb,5,0.5285801295006629,0.0717542958046494,0.8804761266719674,18043,0.0,yes,1
näitleja,herec/herečka,2,0.7349823613611433,0.0547670622300552,0.9306526087970852,164,214001.0,yes,1
elama,usadil,9,0.6174506431439091,0.0721260379904044,0.8954053407493983,1285,1552401.0,no,meaning
paiknema,rozmiestnení,5,0.5376076374374339,0.0755172226190872,0.8768322285739227,48196,116486.0,no,pos_tag
ettevõte,podnik,1,0.7258832455053996,0.0286740974619492,0.9619987828238654,1464,1428160.0,yes,1
laekuma,vyplatenie,7,0.5290058541168019,0.0226953997390767,0.9588628817127802,305045,135172.0,no,meaning
hindamine,vyhodnotenie,6,0.7194307865134794,0.0380191982014741,0.9498063252113184,6466,229765.0,yes,near_equivalent
tegelema,nezaoberal,9,0.5193736605158575,0.1893823869180456,0.7327960902715162,4358,817278.0,no,antonymum
kell,„diskusia,2,0.6471863680730401,0.1290874246187114,0.8337088977703381,138,1860327.0,no,meaning
suhkur,smotana,8,0.592741375695014,0.0357469313062533,0.94312236057849,28078,157996.0,no,meaning
ohver,násilník,8,0.4674181754423998,0.0290922805821271,0.9414065097136846,15518,186708.0,no,meaning
sõbralik,láskavý,3,0.5417180327358693,0.0589213453595223,0.9019022936085876,27328,132673.0,no,meaning
peamiselt,prevažnej,5,0.58653290527192,0.1384876830777665,0.8089879304076092,239,307417.0,yes,not_basic_form
linn,mestečko,6,0.5779427598054774,0.2099868281519359,0.7334954399969995,114,1549647.0,yes,1
laupäev,pondelok,4,0.6050232175190718,0.0165080030096657,0.9734397847374066,34506,339416.0,no,meaning
tellimus,objednávke,0,0.676886197661106,0.0,1.0,41001,182512.0,yes,not_basic_form
lugu,príbeh,5,0.5034257612006694,0.1013146657576339,0.8324658626392452,902,1104562.0,yes,1
õpingud,maturitu,5,0.6162239224902946,0.0598567429199148,0.9114650869603008,6881,3.0,no,meaning
nõu,požiadam,3,0.4137266896050314,0.0351261050774894,0.9217424832960336,4848,282856.0,no,meaning
süles,fakľu,7,0.4909782939555871,0.047421889745075,0.911920740035556,67682,0.0,no,meaning
näpp,máčik,7,0.5040621433191261,0.0269733736278526,0.9492060836477988,132113,115253.0,no,meaning
tegelema,zaoberanie,8,0.5232676131786338,0.1854884342552694,0.7382901564976522,4358,817278.0,no,pos_tag
ettevõte,koncern,7,0.6357370713794438,0.118820271587905,0.8425298319665989,1464,1428160.0,no,meaning
olud,mocenské,8,0.5070181044479982,0.0444694194688133,0.9193645956793736,32436,0.0,no,meaning
kilo,ton,5,0.5088360413058932,0.0721414130642356,0.8758275170205214,17521,106652.0,no,meaning
põhjendama,poukazovať,6,0.6276641239738088,0.0417446576971773,0.9376395128952836,96011,121083.0,no,meaning
olud,odzrkadlili,7,0.4494450960280057,0.0639289190630741,0.8754730134681002,32436,0.0,no,meaning
vahendusel,sprostredkovaným,3,0.6402873490731373,0.0225861492837371,0.965926908618728,3552,0.0,no,pos_tag
püksid,košeľu,5,0.5965218213223719,0.0874101693733994,0.8721946471834486,10577,0.0,no,meaning
mahtuma,vynulovať,1,0.6634000072296876,0.0014814700214946,0.9977718284052376,112332,213662.0,no,meaning
üheksa,päť,2,0.7189079092431394,0.0492692348841008,0.9358621442192506,2881,166919.0,no,meaning
põlema,podpáliť,5,0.6067126075679552,0.0663882008056813,0.9013696017301032,7714,187965.0,yes,near_equivalent
peamiselt,prevažne,0,0.7821900256412617,0.0,1.0,239,307417.0,yes,1
selts,muzeálne,4,0.4332115072325344,0.0752305862226996,0.8520370614646536,507,185095.0,no,meaning
ettevõte,spoločnost,8,0.6323467666890733,0.139804716708189,0.8189413350692726,1464,1428160.0,yes,1
lugu,osudoch,5,0.4945131280426502,0.0743461553745055,0.8693065973576,902,1104562.0,no,meaning
pulmad,večierky,9,0.5203782302402533,0.1417731604133077,0.7858901115145679,23347,0.0,no,meaning
vangi,zatkne,1,0.5077596539882077,0.0132085363991454,0.9746461748665988,2022,0.0,no,meaning
kalad,rybám,1,0.6072733778685865,0.0029310568263758,0.9951965986156082,7921,0.0,yes,not_basic_form
nemad,mazali,2,0.4708251874845676,0.027104957853989,0.9455647381309688,5796,0.0,no,meaning
vahendusel,prostredníctvom,4,0.6373460799914765,0.0255274183653979,0.9614897587116168,3552,0.0,yes,1
võistlus,súťažou,6,0.6222673856072494,0.069193812684144,0.8999310259850841,4510,524195.0,yes,not_basic_form
ahi,pec,0,0.4524563873157091,0.0,1.0,24131,169140.0,yes,1
lugu,„príbehy,2,0.5492782016588207,0.019581081758335,0.9655783383885188,902,1104562.0,yes,not_basic_form
põhjendama,argumentovať,6,0.7265056543445176,0.0393568969550983,0.9486110178800198,96011,121083.0,no,meaning
kilo,milimetroch,7,0.4520543192184193,0.0287326192734631,0.9402383530559488,17521,106652.0,no,meaning
lõplik,konečný,0,0.7010014101730445,0.0,1.0,5056,122888.0,yes,1
eesotsas,spolupredsedom,2,0.428476836647833,0.0892655792513071,0.8275868916471069,3280,0.0,no,meaning
paiknema,nachádzať,1,0.6523822642383197,0.0153186969049368,0.9770575485188644,48196,116486.0,no,meaning
sundima,vnucovať,0,0.7401766962568657,0.0,1.0,98623,292004.0,yes,near_equivalent
hommik,večer,1,0.665947123484514,0.0146112022319464,0.9785305657431131,20865,659630.0,no,meaning
küll,všakže,8,0.6065205750105085,0.1341916189253736,0.8188343326544593,447,2924749.0,yes,near_equivalent
eeldama,preceňovať,6,0.7330173454014272,0.0198745592400889,0.9736023735710744,81721,262727.0,no,meaning
samuti,takiež,9,0.4994348340987133,0.1980683338195539,0.7160323523537554,108,1933240.0,yes,1
sundima,ujať,8,0.7204539058354652,0.0197227904214004,0.9733539430231454,98623,292004.0,no,meaning
demokraatia,demokracia,0,0.7759162929550449,0.0,1.0,4098,110824.0,yes,1
samuti,aj,2,0.658243360970108,0.0392598069481592,0.9437137940672986,108,1933240.0,no,meaning
mahtuma,šmýkať,5,0.654960727275106,0.0099207499760762,0.985078919603699,112332,213662.0,no,meaning
maantee,trať,1,0.5465690686927496,0.0177611146648184,0.9685270871759049,877,219004.0,no,meaning
vms,predmete,2,0.4556263813357751,0.0245821593388258,0.9488094082952114,4386,230297.0,no,shortcut
pidu,popoludnie,4,0.5445016136251845,0.0535820301672568,0.9104104739807064,13249,237563.0,no,meaning
jälgima,stanovať,6,0.6773239281650525,0.0662437336791456,0.9109109539341076,20574,463215.0,no,meaning
samuti,tiež,0,0.6975031679182673,0.0,1.0,108,1933240.0,yes,1
selts,vospolok,8,0.4141153662976604,0.0943267271575736,0.8144789183040396,507,185095.0,yes,near_equivalent
paiknema,lokalizovať,6,0.6199081931595439,0.0477927679837125,0.928421897278865,48196,116486.0,no,meaning
enda,vaša,7,0.4298779746342325,0.0587353460507905,0.8797917625977836,388,72.0,no,meaning
nõu,požiadajte,7,0.4187005108958435,0.0475385495160704,0.8980382521488633,4848,282856.0,no,pos_tag
kanal,kanály,3,0.5222906310565031,0.1541303234737602,0.7721384554374204,2145,195056.0,yes,not_basic_form
lõplik,konečné,5,0.5515666510418457,0.1494347591311988,0.7868267353494904,5056,122888.0,yes,not_basic_form
sõitma,pretekať,3,0.626774836787368,0.140481179268486,0.8169044278197496,13698,1406894.0,no,meaning
süles,zaklopal,9,0.4902962111826208,0.0578664761759543,0.8944355799647824,67682,0.0,no,meaning
seoses,súviseli,6,0.5017401762577711,0.0673159096151096,0.8817060193427979,695,441101.0,no,pos_tag
suhkur,cukry,6,0.6249585649131755,0.053562062396083,0.9210605245584224,28078,157996.0,yes,not_basic_form
pulmad,nevesty,3,0.5968345996646346,0.0653167909889265,0.901356711001608,23347,0.0,no,meaning
kalad,lovia,8,0.5639161117036164,0.0462883229913458,0.9241429259449988,7921,0.0,no,meaning
enese,náruživosť,0,0.4919393553110704,0.0,1.0,4048,0.0,no,meaning
prillid,dáždniky,5,0.5456677076633458,0.1229306167156065,0.8161368160325643,27376,0.0,no,meaning
põlema,zhorieť,2,0.6153494823940272,0.0577513259796093,0.914201074696152,7714,187965.0,yes,near_equivalent
laul,pieseň,0,0.7217355941405147,0.0,1.0,752,392297.0,yes,1
jutumärgid,výkričníky,3,0.5521413510073672,0.0676352036942277,0.8908716323953362,54936,0.0,no,meaning
suhkur,škrobu,1,0.6419385620991767,0.0365820652100818,0.9460855518053272,28078,157996.0,no,meaning
ammu,skutočne,7,0.4740470555135183,0.2131995097080015,0.6897772640896632,8069,270403.0,no,meaning
minister,ministerku,1,0.5728068414052643,0.0676530480378484,0.8943680171811016,2924,305397.0,yes,not_basic_form
te,můžem,3,0.3984861571551492,0.0314619496157306,0.926823844272684,2240,44.0,no,meaning
peamiselt,hlavne,3,0.7175303091234164,0.0646597165178453,0.9173350280645224,239,307417.0,yes,near_equivalent
samasugune,nerovnaký,7,0.5597858674132197,0.0965364043060189,0.852913106158745,8596,232692.0,no,antonymum
organism,organizmus,0,0.7541441700367828,0.0,1.0,8166,187605.0,yes,1
ahi,hadička,2,0.3981206090567166,0.0543357782589924,0.879909357493325,24131,169140.0,no,meaning
süles,strčí,7,0.4928009227920294,0.0553617645665456,0.8990048650824508,67682,0.0,no,meaning
põhimõte,princíp,0,0.6417411289621322,0.0,1.0,9027,347800.0,yes,1
tüüp,typom,1,0.5192727281434264,0.1715463525323592,0.75167687556553,2340,374774.0,yes,not_basic_form
kilo,kilogram,3,0.4727012887124279,0.0080856497794545,0.9831824678831388,17521,106652.0,yes,1
sisemine,rozťahovanie,7,0.549350815874482,0.0734484410688589,0.882067230732838,7545,148597.0,no,meaning
ettevõte,firma,1,0.7460478608841816,0.0261036225130807,0.966193651020093,1464,1428160.0,yes,1
olud,prospekty,4,0.4530486226742704,0.0603253924168095,0.8824923142903777,32436,0.0,no,meaning
te,můžeš,5,0.3887734292574077,0.041174677513472,0.9042333787146688,2240,44.0,no,meaning
organism,mikroorganizmus,3,0.6741112195000737,0.0800329505367091,0.8938757949520374,8166,187605.0,no,meaning
tegelema,zaoberať,0,0.654401215796401,0.0,1.0,4358,817278.0,yes,1
pulmad,svadba,1,0.646851955995219,0.015299434658342,0.9768943554687076,23347,0.0,yes,1
vms,začnite,8,0.4247684034180758,0.0554401372565251,0.8845498724811467,4386,230297.0,no,shortcut
tüüp,špecifický,9,0.4462737721311905,0.2445453085445951,0.6460067253710313,2340,374774.0,no,meaning
jutumärgid,pomlčky,9,0.535661903760059,0.0841146509415359,0.8642822960897016,54936,0.0,no,meaning
ettevõtlus,podnikanie,0,0.695276836785574,0.0,1.0,31008,139413.0,yes,1
läbirääkimised,prímerí,8,0.6188547096369621,0.1196996227367099,0.8379271266989903,8527,0.0,no,meaning
sundima,pobiť,3,0.7310509723736954,0.0091257238831702,0.9876708846288734,98623,292004.0,no,meaning
vangis,uväznená,1,0.4907952916030176,0.0084637333846478,0.9830474103400396,10569,5.0,yes,near_equivalent
jälgima,rolovať,2,0.692554880582029,0.0510127812621691,0.9313945671929208,20574,463215.0,no,meaning
demokraatia,„demokracia,1,0.7537852983060488,0.0221309946489961,0.971477600290218,4098,110824.0,yes,1
sõitma,chodiť,5,0.6160679347482432,0.1511880813076108,0.8029496307050074,13698,1406894.0,no,meaning
vangi,vyslobodil,3,0.486796851164194,0.034171339223159,0.9344080121326568,2022,0.0,no,meaning
sülle,vykríkne,9,0.5202507364582296,0.0318966903609091,0.9422315693026724,105259,5.0,no,meaning
neli,osem,6,0.7167152127566435,0.1021612992564113,0.8752421180023018,516,863991.0,no,meaning
hindamine,vyhodnocovanie,9,0.7244323437314795,0.0634347695517242,0.9194854456008724,6466,229765.0,yes,near_equivalent
matused,pohreboch,7,0.5579473926807319,0.1479111079019668,0.7904521830085441,18043,0.0,yes,not_basic_form
hommik,večera,5,0.6013584985028144,0.079199827213646,0.8836252173827011,20865,659630.0,no,meaning
tüüp,typ,0,0.6908190806757857,0.0,1.0,2340,374774.0,yes,1
organism,organizmami,8,0.623415587575049,0.1307285824617338,0.8266530622979454,8166,187605.0,yes,not_basic_form
miski,nehovorím,0,0.540481301256291,0.0,1.0,3749,3791215.0,no,meaning
laupäev,deň,8,0.6200607963057542,0.072084312077907,0.8958537578250858,34506,339416.0,no,meaning
selge,nejednoznačný,7,0.5143696369289795,0.1214933870564539,0.8089315112318323,1830,764054.0,no,meaning
vms,nevhodnej,5,0.4388436821113439,0.0413648585632571,0.9138606354123828,4386,230297.0,no,shortcut
vangist,uväznená,7,0.498500415866513,0.0396704812240771,0.9262864613479844,47942,0.0,no,meaning
kuivõrd,ohľaduplnosti,6,0.5125432399324792,0.0147453555921389,0.9720355120188626,7306,101438.0,no,meaning
selge,neprehľadné,6,0.5195414154715419,0.1163216085138916,0.8170649902162634,1830,764054.0,no,meaning
ripsmed,hrbolčeky,5,0.6607178358970462,0.027443667455588,0.9601203099535704,68151,0.0,no,meaning
põhjendama,zažalovať,9,0.7069519722993605,0.0589105790002555,0.9230794365120892,96011,121083.0,no,meaning
hetk,okamihom,3,0.5887188594177828,0.1019816986290866,0.8523503456874775,14109,1585458.0,yes,not_basic_form
pood,predajňu,0,0.6435983052100854,0.0,1.0,16503,513985.0,yes,not_basic_form
sõbralik,priateľsky,2,0.6137238855714979,0.0036557328612052,0.9940786304697168,27328,132673.0,no,pos_tag
kalad,pstruhy,4,0.5694194312985396,0.0407850033964227,0.9331617387919984,7921,0.0,no,meaning
võimalik,nemožný,4,0.5581451676513516,0.093627082152345,0.8563500023504468,209,2337813.0,no,antonymum
minister,minister,0,0.6404598894431127,0.0,1.0,2924,305397.0,yes,1
meenutama,pripomínať,0,0.784993534139158,0.0,1.0,63154,397439.0,yes,1
laul,pesnička,2,0.6517298661962473,0.0700057279442674,0.9030036366328388,752,392297.0,yes,1
õpingud,maturite,0,0.5812684281847875,0.0,1.0,6881,3.0,no,meaning
tüüp,typ,0,0.6908190806757857,0.0,1.0,2340,374774.0,yes,1
eeldama,vydedukovať,2,0.7452428020434901,0.0076491025980259,0.9898403707745164,81721,262727.0,no,meaning
miski,nehovorím,0,0.540481301256291,0.0,1.0,3749,3791215.0,no,meaning
vangi,vyslobodil,3,0.486796851164194,0.034171339223159,0.9344080121326568,2022,0.0,no,meaning
laul,pieseň,0,0.7217355941405147,0.0,1.0,752,392297.0,yes,1
eesotsas,predsedala,3,0.4256616687737617,0.0920807471253783,0.8221495007986436,3280,0.0,no,meaning
te,mojí,1,0.4245969670156121,0.0053511397552676,0.9875539869323828,2240,44.0,no,meaning
soodne,výhodný,1,0.6621320910250926,0.0137466571813185,0.9796610601860196,20879,137496.0,yes,1
neli,šesť,2,0.7575049752132457,0.0613715367998092,0.925053978347799,516,863991.0,no,meaning
võistlus,súťažnú,2,0.6436063916612624,0.0478548066301309,0.9307917685788,4510,524195.0,no,pos_tag
enese,uvedomení,2,0.4828586821591269,0.0090806731519435,0.9815410719758302,4048,0.0,no,meaning
näitleja,a režisér,3,0.7060149004257072,0.0843978185705093,0.8932231016250722,164,214001.0,no,meaning
samasugune,zásadnejší,4,0.58883046144699,0.0674918102722486,0.8971666615922487,8596,232692.0,no,meaning
esindus,zastupiteľských,1,0.5390108464038806,0.0263957833629194,0.953315398204994,11379,104355.0,no,pos_tag
vangis,uväznená,1,0.4907952916030176,0.0084637333846478,0.9830474103400396,10569,5.0,yes,near_equivalent
võimalik,možné,0,0.6517722498036966,0.0,1.0,209,2337813.0,yes,not_basic_form
ettevõte,podnikom,4,0.6577078951269555,0.1144435882703068,0.851786092844392,1464,1428160.0,yes,not_basic_form
vms,predmetné,4,0.4410634291922358,0.0391451114823651,0.9184831002227204,4386,230297.0,no,shortcut
tellimus,objednávky,2,0.6186936461768487,0.0303948530221939,0.9531730217686796,41001,182512.0,yes,not_basic_form
peamiselt,najmä,1,0.7239367772816805,0.0582532483595812,0.9255254523198202,239,307417.0,yes,1
nõu,čašu,2,0.4497069955241087,0.0165320648878051,0.9645416562198812,4848,282856.0,no,meaning
läbirääkimised,rokovala,4,0.6285834112620378,0.1099709211116343,0.8510997548979315,8527,0.0,no,pos_tag
mahtuma,rozhýbať,4,0.6554899803829801,0.0093914968682021,0.9858749308116848,112332,213662.0,no,meaning
järgmine,následujúci,4,0.5747435727669886,0.06661230939132,0.8961383044197639,1855,1661707.0,yes,1
näpp,dlaň,1,0.5212347461566011,0.0008133205524027,0.998442058108691,132113,115253.0,no,meaning
nemad,pôjdu,4,0.463750409424063,0.0341797359144936,0.931356363468908,5796,0.0,no,meaning
peamiselt,predovšetkých,4,0.6774752472025973,0.1047147784386643,0.8661261649906412,239,307417.0,yes,near_equivalent
ahi,slamet,4,0.3816403319040835,0.0708160554116256,0.8434853448931144,24131,169140.0,no,meaning
võimalik,možnosť,2,0.5800333677561345,0.0717388820475621,0.8899325921452336,209,2337813.0,no,pos_tag
õhtu,popoludnia,1,0.6883531964522415,0.0104563068613795,0.9850369710031164,10647,832578.0,no,meaning
süles,prepichne,1,0.5363334614958206,0.0118292258627544,0.978420227907602,67682,0.0,no,meaning
kalad,ryby,2,0.5937810930473761,0.0164233416475861,0.9730855091936588,7921,0.0,yes,1
linn,veľkomesto,4,0.5917597812572417,0.1860852608633787,0.7607682111644514,114,1549647.0,yes,near_equivalent
ammu,dávnoveku,1,0.5524420949272899,0.1348044702942299,0.8038484626681568,8069,270403.0,no,meaning
ahi,komín,3,0.3904189052458195,0.0620374820698895,0.8628873769736356,24131,169140.0,no,meaning
soodne,priaznivejší,2,0.6473648652442592,0.0285138829621519,0.9578121326675536,20879,137496.0,yes,2nd_grade
laekuma,účtovať,0,0.7024184014671938,0.0,1.0,305045,135172.0,no,meaning
kiire,prudký,2,0.580183037790815,0.0687863897212938,0.8940067331291807,1916,532068.0,no,meaning
üheksa,päť,2,0.7189079092431394,0.0492692348841008,0.9358621442192506,2881,166919.0,no,meaning
organism,organizme,1,0.71605035642322,0.0380938136135627,0.9494873591455268,8166,187605.0,yes,not_basic_form
kiire,pomalý,1,0.5847311463773548,0.064238281134754,0.9010149347388856,1916,532068.0,no,antonymum
üheksa,štrnásť,4,0.7007377571615259,0.0674393869657143,0.9122085478833984,2881,166919.0,no,meaning
püksid,rukávy,2,0.6091675889579076,0.0747644017378637,0.8906844499819272,10577,0.0,no,meaning
sõbralik,arogantný,0,0.6173796184327032,0.0,1.0,27328,132673.0,no,meaning
vahendusel,sprostredkované,1,0.6456206173474188,0.0172528810094556,0.9739725889597004,3552,0.0,no,pos_tag
neli,dva,4,0.7203389959842179,0.0985375160288369,0.8796674289917036,516,863991.0,no,meaning
matused,pohreby,0,0.7058585005826987,0.0,1.0,18043,0.0,yes,not_basic_form
enda,vlastného,1,0.4827952838414074,0.0058180368436156,0.9880927584302064,388,72.0,yes,not_basic_form
põlema,zapálili,3,0.6102435433793509,0.0628572649942855,0.9066153773516288,7714,187965.0,yes,not_basic_form
laupäev,piatok,0,0.6921451083836612,0.0,1.0,34506,339416.0,no,meaning
eel,počas,0,0.4333238093544969,0.0,1.0,4673,106733.0,no,meaning
ohver,smrteľník,3,0.496285249016827,0.1404851881635032,0.7793785955491548,15518,186708.0,no,meaning
kanal,vysiela,2,0.5238942936675308,0.1525266608627324,0.7745092610730048,2145,195056.0,no,meaning
maantee,nadjazd,4,0.538506025849346,0.0258241575082219,0.954239276455891,877,219004.0,no,meaning
maantee,cesta,3,0.5412102744183556,0.0231199089392124,0.9590312380570236,877,219004.0,yes,1
pulmad,zásnuby,4,0.5562823490677202,0.1058690415858408,0.8401135403773066,23347,0.0,no,meaning
suhkur,cukor,0,0.6785206273092586,0.0,1.0,28078,157996.0,yes,1
eesotsas,predsedali,1,0.4392334198661319,0.0785089960330082,0.8483628274947009,3280,0.0,no,meaning
minister,exminister,4,0.5589588188917002,0.0815010705514125,0.8727460190796981,2924,305397.0,no,meaning
vahendusel,sprostredkováva,2,0.6407944794394347,0.0220790189174397,0.9666919571046828,3552,0.0,no,pos_tag
paiknema,vynachádzať,4,0.6353875871152548,0.0323133740280017,0.9516050209472908,48196,116486.0,no,meaning
teie,vaša,1,0.6573466006854253,0.0238365159868935,0.9650071832324052,5787,7.0,yes,not_basic_form
põhimõte,princípom,4,0.5770242322035711,0.064716896758561,0.8991542012224997,9027,347800.0,yes,not_basic_form
olud,prospekty,4,0.4530486226742704,0.0603253924168095,0.8824923142903777,32436,0.0,no,meaning
matused,pohrebu,3,0.6101058314026322,0.0957526691800665,0.8643458014587612,18043,0.0,yes,not_basic_form
pidu,fašiangy,3,0.5556663375267247,0.0424173062657166,0.929077969768996,13249,237563.0,no,meaning
olemasolu,neexistenciu,1,0.6375246335050611,0.0696665224718586,0.9014884138707578,1319,195567.0,no,antonymum
laekuma,vyplácať,1,0.6908562931537942,0.0115621083133996,0.9835395708750668,305045,135172.0,no,meaning
võistlus,súťaž,0,0.6914611982913934,0.0,1.0,4510,524195.0,yes,1
lugu,príbehy,3,0.5080091763805431,0.0608501070366126,0.8930313544835128,902,1104562.0,yes,not_basic_form
püksid,čižmy,4,0.6009872646619363,0.0829447260338349,0.878723722296636,10577,0.0,no,meaning
olud,podmienky,1,0.4814038771450855,0.0319701379459944,0.9377254457642884,32436,0.0,yes,not_basic_form
kilo,kilogramov,2,0.4728436170436697,0.0079433214482127,0.9834784999086515,17521,106652.0,yes,not_basic_form
nemad,mazali,2,0.4708251874845676,0.027104957853989,0.9455647381309688,5796,0.0,no,meaning
tüüp,/typ,3,0.494106323741089,0.1967127569346967,0.7152470705611305,2340,374774.0,yes,1
demokraatia,„demokracia,1,0.7537852983060488,0.0221309946489961,0.971477600290218,4098,110824.0,yes,1
olemasolu,existencia,2,0.6062195751433546,0.1009715808335651,0.8572216578499455,1319,195567.0,yes,1
minister,„minister,2,0.5725221507257454,0.0679377387173673,0.8939235074089652,2924,305397.0,yes,1
üheksa,deväť,0,0.7681771441272403,0.0,1.0,2881,166919.0,yes,1
sundima,ľutovať,2,0.7347965659635453,0.0053801302933204,0.992731289271159,98623,292004.0,no,meaning
linn,mestom,2,0.6132099471876992,0.1646350949329212,0.7883446110499328,114,1549647.0,yes,not_basic_form
lõplik,definitívny,2,0.5725305843878331,0.1284708257852114,0.8167324288926923,5056,122888.0,yes,near_equivalent
vahendusel,sprostredkovaným,3,0.6402873490731373,0.0225861492837371,0.965926908618728,3552,0.0,no,pos_tag
võistlus,súťažná,1,0.6626459751963456,0.0288152230950478,0.958327057011658,4510,524195.0,no,pos_tag
põhimõte,pravidlo,2,0.5780655615692624,0.0636755673928698,0.90077686387991,9027,347800.0,yes,1
vahendusel,prostredníctvom,4,0.6373460799914765,0.0255274183653979,0.9614897587116168,3552,0.0,yes,1
laekuma,požičať,3,0.6482864186075044,0.0541319828596894,0.9229348451768632,305045,135172.0,no,meaning
suhkur,škrob,2,0.6409007383784452,0.0376198889308133,0.9445560128658156,28078,157996.0,no,meaning
kuivõrd,keďže,2,0.519669496660359,0.0076190988642591,0.9855504197721578,7306,101438.0,no,meaning
hindamine,zhodnotenie,0,0.7878671132832037,0.0,1.0,6466,229765.0,yes,near_equivalent
te,jí,4,0.392178377223602,0.0377697295472777,0.912152818090195,2240,44.0,no,meaning
vangi,zajatý,0,0.6448969067769637,0.0,1.0,2022,0.0,no,pos_tag
miski,bytie,2,0.562337021572026,0.0211273436732326,0.9637898303106278,3749,3791215.0,no,meaning
jutumärgid,úvodzoviek,3,0.5929919453710935,0.0601510203269932,0.9079052772730956,54936,0.0,yes,not_basic_form
enese,uvedomení,1,0.5413258108050073,0.0042869327407727,0.992142902101382,4048,0.0,no,meaning
koht,najvyssia,4,0.4263992101763683,0.1499394701216859,0.7398413897117845,290,2726920.0,no,meaning
püksid,nosili,3,0.5571569217064521,0.0313777257035116,0.9466849983402008,10577,0.0,no,meaning
sõitma,premávať,3,0.6211168728054146,0.0867879800696349,0.8774016314238297,13698,1406894.0,no,meaning
nemad,akí,3,0.5170688601638411,0.055151421113522,0.9036185488036044,5796,0.0,no,meaning
miski,nebytie,4,0.5431323049761283,0.0403320602691303,0.9308748525675996,3749,3791215.0,no,meaning
laekuma,zaplatených,1,0.5487563124681144,0.0005777049700946,0.9989483539126364,305045,135172.0,no,meaning
võistlus,súťaž,1,0.6846946556769185,0.0319595878355792,0.9554044532284668,4510,524195.0,yes,1
te,inych,3,0.3899754568174989,0.0592735394070897,0.8680608306190678,2240,44.0,no,meaning
te,ci,4,0.3878175636413085,0.0614314325832802,0.8632574961779783,2240,44.0,no,meaning
samuti,tiež,0,0.7289397197437126,0.0,1.0,108,1933240.0,yes,1
põhjendama,popierať,3,0.6449675655251565,0.0300729535301202,0.9554501505002876,96011,121083.0,no,meaning
seoses,súvisel,4,0.5189673653672304,0.1621539165365577,0.7619309206088457,695,441101.0,no,meaning
pulmad,svadba,2,0.5565436455355802,0.056405620001355,0.90797669044934,23347,0.0,yes,1
linn,mestom,3,0.6226054181858256,0.1671088018498858,0.7883933230399105,114,1549647.0,yes,not_basic_form
jälgima,sledovať,0,0.6148622846581835,0.0,1.0,20574,463215.0,yes,1
elama,presťahoval,3,0.658479040819383,0.0450310349461655,0.9359909168363176,1285,1552401.0,no,meaning
kell,„diskusia,2,0.6415539353873039,0.1323913128147247,0.8289396916354402,138,1860327.0,no,meaning
meenutama,pripomínajúci,3,0.5097111165492307,0.0627752825448634,0.890346246401313,63154,397439.0,yes,not_basic_form
laul,„piesne,3,0.6823826386373197,0.0637434276373641,0.914567483273132,752,392297.0,yes,not_basic_form
vms,prípadne,0,0.5470249100881993,0.0,1.0,4386,230297.0,no,shortcut
neli,tri,1,0.704800326741914,0.0114801490529515,0.9839725506405688,516,863991.0,no,meaning
tegelema,zaoberajúcimi,3,0.5588916774937485,0.1548656950822791,0.7830275370419614,4358,817278.0,yes,not_basic_form
olud,vnútropolitické,1,0.5431725607172948,0.0095434484561068,0.9827335407375312,32436,0.0,no,meaning
samuti,taktiež,1,0.6790417740382945,0.0498979457054181,0.9315472262604078,108,1933240.0,yes,1
raadio,vysielanom,1,0.7283268890889504,0.017948716778091,0.9759489434774732,1163,148117.0,no,meaning
kiire,pomalé,4,0.6243090439054173,0.0439431385955986,0.934241683384952,1916,532068.0,no,antonymum
vangist,väzení,1,0.6633297069197193,0.0138607875598609,0.9795319224459684,47942,0.0,yes,not_basic_form
näpp,hnedáčik,1,0.5186265001114638,0.0097810149993647,0.981489636843425,132113,115253.0,no,meaning
pood,predajňou,3,0.5975046657021168,0.0351464320102581,0.9444457898874352,16503,513985.0,yes,not_basic_form
demokraatia,demokracii,3,0.7791838230812826,0.012713553849858,0.9839454527566094,4098,110824.0,yes,not_basic_form
pood,predajňa,0,0.6326510977123749,0.0,1.0,16503,513985.0,yes,1
elama,odsťahovali,2,0.6623001015880698,0.0412099741774787,0.9414223397829312,1285,1552401.0,no,meaning
enda,„svojho,3,0.4880404688460323,0.0543474033147862,0.8997997446029321,388,72.0,yes,1
pood,predajňu,1,0.6204618499154795,0.0121892477968954,0.9807330646529012,16503,513985.0,yes,not_basic_form
õhtu,popoludnia,2,0.6153954601197924,0.0260164612622805,0.959438762525302,10647,832578.0,no,meaning
nõu,dôveru,1,0.4431017592546817,0.0040714530216442,0.990895132110176,4848,282856.0,no,meaning
eeldama,zdôvodňovať,2,0.56527398624613,0.0313805613081485,0.9474058122295737,81721,262727.0,no,meaning
kilo,kilogramu,2,0.5348567112339038,0.0341489294789305,0.9399849016678468,17521,106652.0,yes,not_basic_form
vuntsid,sadli,2,0.5416992937774313,0.0190555298620179,0.9660180723219776,136693,0.0,no,meaning
õhtu,popoludnie,0,0.6414119213820729,0.0,1.0,10647,832578.0,no,meaning
sundima,obracať,2,0.5436155202844646,0.021045293649462,0.962729317972604,98623,292004.0,no,meaning
tellimus,objednávky,2,0.6566147844425981,0.0125914124192644,0.9811845549573364,41001,182512.0,yes,not_basic_form
sisemine,rozdvojenie,3,0.5537516495417893,0.0290391857789432,0.9501721989794816,7545,148597.0,no,meaning
teie,vypisuješ,4,0.5584713095888434,0.0169943537383989,0.9704685182428772,5787,7.0,no,meaning
nemad,jediní,0,0.5722202812773631,0.0,1.0,5796,0.0,no,meaning
juur,koreňová,2,0.4858315117726709,0.0929152229338529,0.8394544325490334,14600,128780.0,no,pos_tag
vangi,väzenia,2,0.626630030413903,0.0182668763630606,0.9716747340992004,2022,0.0,yes,not_basic_form
vahendusel,sprostredkovaný,4,0.6323751302397914,0.0405172535665908,0.9397864286449564,3552,0.0,yes,not_basic_form
soodne,nepriaznivá,4,0.5436912322140277,0.0797098565994027,0.8721371232265235,20879,137496.0,no,antonymum
jälgima,skontrolovať,3,0.5628471298738785,0.0520151547843049,0.9154035690882856,20574,463215.0,no,meaning
sisemine,rozťahovanie,1,0.5799132834880678,0.0028775518326648,0.9950624621077284,7545,148597.0,no,meaning
madalale,znižujúcou,3,0.6871003760388703,0.0435524826741269,0.940392373539957,24269,26.0,yes,2nd_grade
jutumärgid,výkričníky,2,0.5996607502132107,0.0534822154848759,0.9181156066991956,54936,0.0,no,meaning
jälgima,monitorovať,2,0.5678816470418983,0.0469806376162852,0.9235916093920074,20574,463215.0,yes,1
hindamine,zhodnotenie,0,0.7522324033770366,0.0,1.0,6466,229765.0,yes,near_equivalent
süles,zaspáva,3,0.5222343696654036,0.0143110082420199,0.9733274969251732,67682,0.0,no,meaning
kalad,rybky,1,0.5998615268261425,0.0008433749376302,0.9985960245452402,7921,0.0,yes,1
samasugune,podobná,1,0.6153289268665125,0.0393660675114906,0.9398711341165964,8596,232692.0,yes,not_basic_form
madalale,nízkou,0,0.7306528587129972,0.0,1.0,24269,26.0,yes,not_basic_form
peamiselt,prevažnej,4,0.6074710421159655,0.1159748773981608,0.8396910200612497,239,307417.0,yes,not_basic_form
kell,♠,4,0.6214500350510012,0.1524952131510274,0.8029638226925059,138,1860327.0,no,symbol
laupäev,pondelok,3,0.5996410354532079,0.0293951999741662,0.95326946474841,34506,339416.0,no,meaning
vangis,väznený,4,0.6201965954969466,0.0864374899295947,0.8776771575101433,10569,5.0,no,pos_tag
kell,utc,0,0.7739452482020286,0.0,1.0,138,1860327.0,no,shortcut
soodne,výhodná,0,0.6234010888134305,0.0,1.0,20879,137496.0,yes,not_basic_form
lõplik,definitívna,0,0.5604018904510936,0.0,1.0,5056,122888.0,yes,not_basic_form
eesotsas,vymenovali,3,0.5155892296611095,0.1281012128651744,0.800989412919637,3280,0.0,no,meaning
läbirääkimised,rokovanie,4,0.6591015202548548,0.1115797477566191,0.8552193333509723,8527,0.0,yes,not_basic_form
märkmed,rukopisné,2,0.588893293324662,0.0426636820503354,0.9324468199800926,19407,0.0,no,meaning
sundima,vyzývať,3,0.5377160712432741,0.0269447426906525,0.9522815431392668,98623,292004.0,no,meaning
küll,hoci,3,0.6255475255984717,0.0948749621143425,0.8683064955182757,447,2924749.0,no,meaning
demokraatia,demokracia,1,0.7880598307208376,0.003837546210303,0.9951539854505204,4098,110824.0,yes,1
selts,muzeálne,3,0.4434486687979064,0.0451971711693642,0.907505257442913,507,185095.0,no,meaning
võimalik,nemožné,3,0.6494557740215475,0.1768806516019436,0.7859459584291194,209,2337813.0,no,antonymum
enda,niektorého,4,0.4659602830135972,0.0764275891472212,0.8590905271485119,388,72.0,no,meaning
õnnelik,láskavá,4,0.5597521670977461,0.0700678993421468,0.8887493379844007,9829,251656.0,no,meaning
eeldama,dokazovať,4,0.5633244274752076,0.0333301200790709,0.944138328928032,81721,262727.0,no,meaning
põhi,stredná,3,0.4063675175726459,0.0165552828495484,0.9608550713439388,5547,317683.0,no,meaning
paiknema,rozmiestnené,1,0.59892503496186,0.0190318304655104,0.9692020082140388,48196,116486.0,no,pos_tag
prillid,nohavičky,1,0.5624970668944044,0.0098118834817128,0.9828556176252976,27376,0.0,no,meaning
võistlus,súťažílo,0,0.7166542435124977,0.0,1.0,4510,524195.0,no,pos_tag
pulmad,svadbu,4,0.5501360215010931,0.0628132440358422,0.8975229312318065,23347,0.0,yes,not_basic_form
laekuma,výplaty,2,0.5446436089753587,0.0046904084628504,0.9914616457128872,305045,135172.0,no,meaning
laul,skladba,4,0.6818226241853409,0.064303442089343,0.913816920496556,752,392297.0,yes,near_equivalent
soodne,priaznivá,3,0.5483558327980045,0.075045256015426,0.8796196263335605,20879,137496.0,yes,not_basic_form
olemasolu,neexistenciu,1,0.6540910410806282,0.1002501836192171,0.8671023399800177,1319,195567.0,no,antonymum
õde,sestra,0,0.7047789579709951,0.0,1.0,1463,229863.0,yes,1
õde,manželka,2,0.6549584950558331,0.0498204629151619,0.9293105131024466,1463,229863.0,no,meaning
ettevõtlus,podnikateľské,4,0.6406625251691527,0.0341740623151973,0.9493594998418934,31008,139413.0,no,pos_tag
maantee,križovatke,4,0.6926213412755093,0.0401766912618173,0.945173581972232,877,219004.0,no,meaning
esindus,zastupovalo,0,0.5026663399495219,0.0,1.0,11379,104355.0,no,pos_tag
põhjendama,odmietať,2,0.6531763052479984,0.0218642138072784,0.9676105164207364,96011,121083.0,no,meaning
vangis,uväznený,2,0.6228518730928296,0.0837822123337117,0.8814347990542534,10569,5.0,yes,1
prillid,vreckové,4,0.5095823817002718,0.0627265686758453,0.8903973655581974,27376,0.0,no,meaning
õpingud,štúdiá,0,0.6850052472921,0.0,1.0,6881,3.0,yes,1
sõitma,jazdí,2,0.6273175799566395,0.08058727291841,0.8861608695135837,13698,1406894.0,yes,not_basic_form
